date,hr,temp,sleep_hrs,stress_score,steps,study_hrs,attendance_pct,academic_risk
2024-06-18,74.2177678488744,36.4344397449811,8.071343631795013,2,7189,5.321876522200398,91.06474908722397,0
2024-06-19,75.60581262898181,37.4096940381934,5.98064293465478,9,5284,5.7010504726426765,94.41584079137495,0
2024-06-20,85.75434625773275,37.213357410900144,8.114626394659672,3,5425,1.0057457267330867,87.5687167531431,0
2024-06-21,80.57277232782285,36.80132965337855,6.967077428808822,7,5719,4.118656885981347,74.10505090052087,0
2024-06-22,69.2696949347357,36.926101132696864,6.301064995285638,2,11273,5.268053330397532,68.11876463154769,0
2024-06-23,77.80483631160658,36.80293704940182,7.003766330404733,3,12214,5.164619296463673,90.69725227426547,0
2024-06-24,71.50937082035328,36.879936009712985,7.727660967186449,9,11518,3.3656623625772,100.0,1
2024-06-25,57.79386905187215,35.96642026378002,7.554695058445492,1,9819,2.612973203535237,83.08397035045405,0
2024-06-26,77.28620510715548,37.22125694802647,3.5929035787202843,3,3909,2.7831730264436447,86.98594239543976,1
2024-06-27,78.682614864978,36.66602262618634,5.9577314306654285,8,6617,4.463932942604201,79.55013485688416,0
2024-06-28,74.75688481963059,37.58855767520542,8.228101666216189,2,12788,3.528064374617074,83.82525688443056,0
2024-06-29,91.62857586256034,37.31967355127703,4.9412897189916345,4,6810,1.6761554791604634,100.0,0
2024-06-30,82.53268385523434,37.0083675426224,5.829032370863303,1,11084,0.7714912818911168,89.45167866500742,0
2024-07-01,71.3644647968165,36.49691544699507,5.555350014678797,2,5756,4.5179336296967,80.00045320908728,0
2024-07-02,73.55866447016055,36.408609094436294,7.083516823982577,9,10174,2.009328430170847,58.73997077167538,1
2024-07-03,68.79958708922284,36.3465776568262,8.531711759337473,4,14783,1.3754562351920345,100.0,0
2024-07-04,84.62062830440583,36.3863182357161,7.470636550452773,2,3427,9.044417943375384,96.56831724086204,0
2024-07-05,90.7368948115085,36.85785397106735,7.466433686337798,5,7482,6.349709059133533,72.49393201949673,0
2024-07-06,75.45283701554148,37.112955401340535,8.052828872520319,6,2509,1.9535091532927746,89.15158360170737,0
2024-07-07,73.84728014488759,35.63054405275176,8.514759178271591,6,9179,1.6491319261909287,89.62722287786045,0
2024-07-08,70.30895593891732,36.51601825280176,4.215457473491455,6,10507,2.4572815464057487,93.71988173448086,1
2024-07-09,67.94618491540835,36.89031875020033,6.888362511888344,4,2637,1.268178678393409,72.409093677765,0
2024-07-10,68.39707074896212,36.316503777002055,5.727445232535549,2,10058,5.500998791969716,86.28303061782948,0
2024-07-11,63.91221600864131,36.74922108845583,7.727472349245223,7,8251,5.887856644624136,99.60308895182261,0
2024-07-12,59.271873473604145,36.990883274851974,7.70052028005369,5,5150,4.592334966249635,99.91879234893537,0
2024-07-13,75.33729411141462,37.3479086426953,8.664545244139616,4,4922,3.4753755570952687,85.1621315965401,0
2024-07-14,50.99247871853872,36.91478466444855,4.1473610746533485,4,6030,2.6935860139966326,81.03164087306875,0
2024-07-15,64.98704959635769,36.843092607006305,7.447800597145207,6,8856,3.3932174540789024,87.32070973233348,0
2024-07-16,87.75552567367474,37.058286355924096,4.412064647425471,9,14731,1.4141996635964436,82.00605373483006,1
2024-07-17,72.81427431584886,36.63273348523148,8.629405254410692,6,8199,2.091499619343161,71.64203699839156,0
2024-07-18,69.52774804356547,36.93838697059155,5.78102322274192,6,12806,1.97517464339307,95.57521266184524,0
2024-07-19,65.18246132639733,36.67944579320375,8.723388309928405,5,12117,0.0,87.19174648180693,0
2024-07-20,68.31974126201638,36.3807607036586,4.696127510412229,9,11051,3.4756822275412884,90.61297305799121,1
2024-07-21,81.48476617583032,37.16171348147979,6.640268947891561,4,6906,4.681556541744332,99.00986224974447,0
2024-07-22,84.12390242736095,37.177281445731055,10.633374138374734,4,8309,3.079707798717511,83.04859770018285,0
2024-07-23,74.12642407553454,36.903272073398696,6.1014565695582395,9,14040,5.145829918064354,89.30082686797294,0
2024-07-24,58.61767279117147,36.683032594305494,3.901120904084255,6,8162,2.3523227011229437,87.95295297804053,1
2024-07-25,84.47712801658817,37.24535627289917,7.656360556383191,5,8639,2.290599205101011,60.827741871738866,0
2024-07-26,65.02341604081853,36.597586365102096,6.184721369912491,9,8688,0.18560904619908802,63.166931153081826,1
2024-07-27,78.8245449185121,37.18817712132352,7.11050817697474,7,8342,0.360368419010459,70.22007444813683,0
2024-07-28,77.46149242827589,36.83373405921773,10.08721370060122,8,11408,0.21791083114901388,90.72519881754796,1
2024-07-29,74.83377861570423,36.145973043726684,4.719213586579622,4,14788,2.199883938059936,96.14650762955516,1
2024-07-30,70.50304339971937,37.48655634016376,9.171788195084027,4,14076,1.3253783729587854,78.09007409300305,0
2024-07-31,76.897540779642,36.46484208722843,8.104579111190994,3,6917,1.6049762290589031,100.0,0
2024-08-01,77.26975198019838,36.25498120509385,6.965663816430928,6,8665,6.099931438220194,80.47912021433338,0
2024-08-02,73.4425253619291,36.99529920858502,5.860282143068238,2,13378,5.384695481142134,69.76199148984651,0
2024-08-03,72.53611055656792,36.30925909748669,5.813449130631125,4,2375,5.672970337114272,88.67287564126885,0
2024-08-04,69.21829742099432,36.85265735205002,7.384473758805207,7,10705,0.0,100.0,1
2024-08-05,68.2467519282582,36.72159825640275,4.74272387593204,6,14287,0.0,78.75131755257435,1
2024-08-06,68.82479902409472,37.18726943040206,8.640311719911484,4,11253,0.3331899962398781,88.83677472840522,0
2024-08-07,76.58633372937716,36.559669860826126,3.9839936921153116,9,7042,0.2102821463715716,86.47601522841114,1
2024-08-08,67.39465760828949,36.72233947610344,6.815974582036867,7,8184,1.9971155536809466,86.57891718082874,1
2024-08-09,70.66728821754843,36.34118889144492,8.550947796341044,5,13755,0.1775396462373946,97.19505291346418,0
2024-08-10,81.24050603344303,37.299986484338966,6.364392788935558,9,13336,4.337461461165604,84.37900710433054,0
2024-08-11,71.07437005159863,36.730545591020196,7.755867704020382,6,7154,5.428871301787439,84.41653849883738,0
2024-08-12,74.96311028901944,36.550541453486886,4.756299605139891,8,3842,5.741096900556455,81.4314480302995,0
2024-08-13,60.39591636752868,36.173877429181694,8.356936554902882,3,4269,3.4106429714179862,86.65534294888643,0
2024-08-14,71.26511717043628,36.867426205987066,8.121685680204246,6,7831,4.478528261022826,84.24237753788684,0
2024-08-15,64.50376879917279,36.690253195380414,4.237653707241796,6,3739,3.363792360223445,91.80590513915175,0
2024-08-16,83.7561594595799,36.38586818037534,6.802127545664247,4,14649,4.04099059041086,85.91029177806492,0
2024-08-17,64.49150669065762,36.85520682701404,7.639976616630822,8,9907,3.090770944586649,79.24916382999436,0
2024-08-18,63.524367738454316,36.68768459239472,6.033923652105095,9,6982,5.993005815317956,89.29228788795842,1
2024-08-19,74.44143377241937,36.296304829625555,6.967234012810228,9,3843,0.0,92.5721427152149,1
2024-08-20,76.12425857542684,37.16940436228733,5.987866428837737,6,11439,2.88387842890127,86.81858229683507,0
2024-08-21,79.3908399120984,36.374465576650444,7.059911203513525,8,10940,4.455638185755543,92.20583290584007,0
2024-08-22,89.89965345436669,37.217900380660375,6.162384250844676,7,2253,3.4676056560011914,80.96043153733233,0
2024-08-23,68.65929491213271,36.86531552820359,8.056845605644192,4,7774,2.307458226952453,88.92296775287136,0
2024-08-24,82.71464445627286,36.76579701315562,6.281812501793729,8,9278,0.0,91.61090745354122,1
2024-08-25,74.35572623656417,37.07292927838269,5.557898499391287,9,6010,7.555009367604707,81.32834121618929,0
2024-08-26,62.598958953171184,36.246366432060675,5.9140897350945965,7,8964,3.9556730423727675,84.21704969496017,0
2024-08-27,94.03334254157315,36.522576049026966,7.398923448290394,5,11686,2.914666491100608,79.03959413112644,0
2024-08-28,75.7958194331139,36.70941735371925,5.294758806398997,1,14042,0.8637258594942185,64.73488662355624,0
2024-08-29,68.66318152521643,37.37990776577013,8.050945177237754,4,14610,0.0,87.24146922941014,1
2024-08-30,63.56137774176816,36.78459437139773,9.593004591555683,4,13347,3.7135946923746754,85.58661613193361,0
2024-08-31,74.99454091421671,36.90961333758363,8.893613123840161,3,5370,4.190178759808836,95.53783158122654,0
2024-09-01,91.03564586321212,36.760964237183245,7.935735243200954,9,11574,1.523660427337122,88.27634259331263,1
2024-09-02,81.05014734082748,36.731903663549915,7.4658165394854406,3,12059,2.1414373794978534,70.8070062968454,0
2024-09-03,76.16245810841166,37.1583790862802,7.542994442365388,2,11808,1.9854439577444445,61.55155284360794,0
2024-09-04,91.21222382625115,36.89309821525837,4.975595545587877,6,12758,0.5225314932831924,93.24283293770225,0
2024-09-05,77.41083875040276,37.24384714910484,4.7916022967564835,1,2876,0.6012835433549122,98.09126964591756,0
2024-09-06,66.70862236545545,36.75598546434329,3.965608868090054,4,9445,2.848520852786885,82.96344615915442,0
2024-09-07,67.6427312742912,36.71414787707102,5.9304829554978555,5,4666,3.6570887231310287,79.37345143883773,0
2024-09-08,74.65553652094633,36.588150534733664,6.765541388586686,1,10560,3.6122483988230787,94.59037637694239,0
2024-09-09,50.0,36.902206838981485,7.670637110231527,1,4986,2.854835421274822,77.8270479064411,0
2024-09-10,79.02030109885877,37.20227647964653,8.023223500041334,8,3804,0.7143102754300581,73.82611233492726,1
2024-09-11,83.49564024040912,36.60034337820333,7.74708810096042,8,10664,0.916053936436064,94.9982417854491,0
2024-09-12,70.4662070398861,36.61792661972272,6.249622584367646,6,13777,7.996370659273623,100.0,0
2024-09-13,82.25127896483593,37.05063109949287,6.75704839511079,6,8885,3.1470677415270747,82.63126956076155,0
2024-09-14,67.38448066417702,37.44039988278809,7.777965123482336,7,7342,1.404572908134329,100.0,1
2024-09-15,66.38157717779747,36.69332764261008,8.31474806252809,3,4658,1.4781558032965214,87.02322951215717,0
2024-09-16,61.15065988160324,37.0930311417813,7.377047206862256,7,6218,5.77434750065739,81.02391095189034,0
2024-09-17,72.13502815271836,36.59642875903553,8.667147616202392,2,7331,0.0,91.7412000965509,0
2024-09-18,80.50297394528874,36.6375571589522,7.630722758910475,9,11351,4.4566474355990735,89.90733063952403,0
2024-09-19,70.75808116893795,36.84033056508214,6.05295089449145,2,11937,4.10596165513758,80.95511749208801,0
2024-09-20,75.62277665446081,36.261475082687355,9.67991420208869,2,8739,1.9626070865853877,87.60189982830161,0
2024-09-21,69.8761659819402,36.50771306744416,7.88033712908957,7,13721,1.8682808001978968,58.857690870377176,0
2024-09-22,73.16343565101663,36.70900388127705,7.774100535046898,3,10436,2.452307846594426,93.90358102876418,0
2024-09-23,76.81412937276959,36.7671000614893,6.790463673463165,8,4671,5.562751584057757,88.43200570239432,1
2024-09-24,70.43731742616643,36.72024988528574,6.781098665525754,6,13324,6.468267330467091,95.1479175327425,0
2024-09-25,56.70904850790209,36.958794571510126,3.6853662006042534,3,5121,4.2906998057652235,99.77892194884326,0
2024-09-26,73.72373135983689,37.084753557610284,8.67546373834137,2,13568,6.591846329462943,100.0,0
2024-09-27,94.5845827391718,37.368700927859194,4.944336823585723,2,4374,3.023806685634057,80.97870138758297,0
2024-09-28,75.88903420667828,36.99261615432354,7.022812594809123,8,10890,3.4666042977292317,72.34690832930723,0
2024-09-29,77.42296667535291,36.71921760657978,7.634038554692298,6,3430,0.0,99.15569457536368,1
2024-09-30,80.6281442150504,36.82513872127177,7.225943781102038,2,13558,4.638679362158371,100.0,1
2024-10-01,76.14265911074305,36.76991093710998,7.415450431828581,4,10368,2.1915509320065727,72.80950329261654,0
2024-10-02,87.56744123803561,36.46551797044949,4.9555919269494,3,10411,1.40244953721482,86.58443002340425,0
2024-10-03,72.18321509651425,36.747840164763815,6.120583151439598,3,6339,3.09683262017073,92.94975414052747,0
2024-10-04,82.26994347057195,36.83781677356523,6.284557869033352,1,7388,4.342621423473426,85.08048943353887,0
2024-10-05,80.56717806644285,36.42148863903712,9.95962914440918,7,3393,5.585920284443242,90.29725331031847,0
2024-10-06,59.19797742830943,36.694158254359714,8.78542446595574,5,11871,4.58844580249963,75.98403569546814,0
2024-10-07,74.24110171160739,37.32715242245623,7.3459373021257575,6,14980,6.51698953361235,93.9771158041014,0
2024-10-08,73.18277382905981,37.01290980232926,5.056820220534115,5,8476,1.6282355440810772,93.62608345308574,1
2024-10-09,87.20150934555694,37.346930467284935,4.1949316345456875,4,7854,0.6887766754280022,87.55821255554643,1
2024-10-10,65.71905628226311,37.001641416562755,8.016362840913231,4,8947,1.687056877493153,87.68346847928429,0
2024-10-11,67.29389891730548,37.55622259209095,7.260782338052491,1,7626,1.6699362709085097,91.0694083227067,0
2024-10-12,82.35145692423325,37.40554597428261,8.32453901514957,7,10239,0.0,91.94210834518965,1
2024-10-13,82.94429074595232,36.70276442268506,5.042366964056205,2,14421,1.1571351763310846,88.89103568613716,0
2024-10-14,74.18197256824187,37.37171413053392,7.147133149073312,3,10535,0.0,98.2992860318885,1
2024-10-15,68.79511545705591,35.86771428717861,5.717744739429476,7,8658,0.836780888393089,83.38865611520156,1
2024-10-16,53.03785346781365,36.7995534530878,7.15043686628754,1,5113,2.2070795070315556,76.64434384682663,0
2024-10-17,59.41714204547018,36.89978776409935,8.339376846699027,2,2287,6.740609976690395,98.40631962326378,0
2024-10-18,98.34814515181344,37.422909043654215,5.930245761489824,7,4089,5.854145602096408,97.16628061547524,0
2024-10-19,87.35293531759667,36.93606507061904,6.7648125118337195,9,8411,2.2810325129927778,77.54685087827258,1
2024-10-20,86.85911612226101,36.457535874577374,6.3661336111237805,3,4796,3.5350334502342857,98.70772064424075,0
2024-10-21,79.32394462009621,36.87452237809782,7.984806075383746,8,4351,0.0,78.93346854566431,1
2024-10-22,74.05234722839411,37.03356791822033,4.386390414668375,3,3093,2.8566175977162898,73.10396039469609,0
2024-10-23,92.80961976872557,37.025545612840126,6.2531384480236625,5,4688,7.461965061335881,86.13648070046756,0
2024-10-24,51.91444689219661,36.82715972292329,6.832570849144682,6,11355,4.191001865494522,73.6031923276756,0
2024-10-25,50.0,36.71469886928609,7.192806815886047,4,14619,3.183550669991603,95.88430961912933,0
2024-10-26,77.0878111033062,36.926869139857,4.182231767375669,2,2980,5.85651269534689,83.44608118341452,0
2024-10-27,75.52523826377009,36.14868160648909,7.7935531718887905,8,6871,0.2365396327011542,89.6504300495907,1
2024-10-28,78.8762148772793,35.8488914425802,4.73188791922947,8,14992,4.520551658896662,88.95775742661465,0
2024-10-29,80.2613560400498,36.917273086554005,7.713986740551738,8,5021,0.0,80.05666228961312,1
2024-10-30,88.59360875141519,36.994723025016064,7.211861395131261,3,4030,3.048366525863699,93.49776697936393,0
2024-10-31,80.75786734273444,38.01462773030911,3.522737949648886,4,13341,4.797367581836433,90.45615839791414,1
2024-11-01,82.50038177664113,36.810035054182045,8.232938329672244,6,3338,3.291418099290218,77.09268104295744,0
2024-11-02,56.734915402198105,36.71316315561813,7.322921902151109,4,2349,1.3383576951886293,86.3938975725274,0
2024-11-03,76.27486887868885,36.12436165049396,6.762456346630887,3,13260,5.714605607531595,79.4035618531514,0
2024-11-04,66.6428446451542,36.268624745930886,8.201452897304996,9,5139,2.3519106626826716,91.01079518592533,1
2024-11-05,65.80655418474973,36.20729196135211,7.880719437146165,4,10899,3.4151239278442644,100.0,0
2024-11-06,70.34404810919419,37.05330710201374,9.058932700860815,4,11537,0.24723592133452987,75.6373066138007,0
2024-11-07,81.41368720948878,37.14049840397103,6.460225689563486,2,11107,7.744913599819252,80.78861176971722,0
2024-11-08,80.2220381338122,37.56172611255304,8.921067865299435,8,10481,2.1153949983668463,100.0,0
2024-11-09,84.06255072396799,37.116148167825145,6.175463902264716,7,2867,4.597246700936604,83.66433621015818,0
2024-11-10,58.53460308856942,36.479708872783185,7.558982280880514,6,3480,3.896686558327003,91.33969104396817,0
2024-11-11,67.44260784069499,36.923767127761295,8.696897940810466,5,6483,1.6844390249168315,100.0,0
2024-11-12,74.95659309090696,37.61998423454006,8.190200866953628,2,9848,1.2013462853215047,91.36099888333592,0
2024-11-13,81.67150860124762,37.34683034457527,6.875537894097999,4,13052,0.7140581660012351,81.05294951971877,0
2024-11-14,69.99483506348503,37.28772455847779,8.222888844607528,5,9472,2.6443102824514355,90.69334059005207,0
2024-11-15,88.4546529606062,36.626570075547676,8.540053097519193,3,12881,0.5093777678541929,78.14205271461236,0
2024-11-16,79.55559518646375,36.56405816194447,6.127621711377421,8,4758,5.5125088570841765,76.95891716213013,0
2024-11-17,69.68005970591129,36.888911707439284,4.182800275031013,7,4447,5.543535825811441,85.62894292121851,0
2024-11-18,68.85870393263072,36.70406923279397,6.436604322160537,2,9377,1.8159725866655105,83.08575679072153,0
2024-11-19,68.26779895806203,36.511239340349334,7.682808923233106,4,10065,1.7358993906894864,87.9033304045382,0
2024-11-20,96.59819723112969,36.660516533195086,7.407573140597871,7,3126,4.4354346016416795,88.68378816415112,0
2024-11-21,82.6028899421441,36.51233584502175,6.392885385497348,5,12025,2.5009604885164687,100.0,1
2024-11-22,62.84338715421254,37.11030495977367,6.915397000099933,7,6792,2.9894350591706536,92.30867964974485,0
2024-11-23,74.62717817554966,36.66540781629333,8.11826275975082,8,6379,4.989976386285853,91.03534334153092,0
2024-11-24,74.60751741326872,37.31837329270799,4.337420069130462,1,3674,0.7579079933979429,100.0,0
2024-11-25,80.24556262983974,37.251217524799586,6.566074939904818,6,8533,1.1199980524548236,67.64788876085112,0
2024-11-26,76.66270198290654,36.24796788142388,8.876746253437386,1,5640,3.9203058021935395,96.54641734777995,0
2024-11-27,69.13299328609484,36.75135648879326,6.245200877900006,2,12848,1.1114169344710567,89.41974773158447,0
2024-11-28,58.22422338698506,36.629392794058774,7.117234276355172,9,12652,1.1224969385112182,75.66263291641805,1
2024-11-29,76.02517322630128,36.78460535058388,6.507226564454862,2,8567,2.621725001434815,91.26294400648003,0
2024-11-30,53.67993951849721,36.24434957038183,9.583401351933839,4,8949,7.998747487949762,92.0965163752245,0
2024-12-01,81.6176838719428,37.318322041222686,7.0052865994774045,2,3217,2.780472348427424,77.98578064665693,0
2024-12-02,58.64423465599386,36.316036831736845,5.670548614577616,5,8627,2.037632541873649,86.59522475605498,0
2024-12-03,71.85591096772406,35.99675034847802,7.177206391483486,2,13382,4.325739722807202,75.54923684266645,0
2024-12-04,77.70897647936846,37.00932286165057,4.785451616951013,1,3452,4.923939278333128,83.04882043980778,0
2024-12-05,73.77580212260979,36.37783126776252,6.751844928424648,9,5435,1.1759524356871487,97.26864259599613,1
2024-12-06,76.16088196680556,36.789205101829715,5.688089713539452,2,9512,3.17868675515143,75.70667231285954,0
2024-12-07,73.11831657198024,36.691363949379,7.123386288139946,9,4914,6.80138834064495,80.7240038670562,0
2024-12-08,61.16280956787757,36.86450261299529,7.316963188100805,4,4619,5.9188612317487586,72.10814499524204,0
2024-12-09,80.25112736434745,37.086376520455815,8.630413914980412,6,4755,1.004135584642529,84.11116089194735,0
2024-12-10,62.53258742016639,36.32506795571336,6.093273208063181,8,13211,3.8852771871558796,78.91471760177998,0
2024-12-11,57.31691188035391,36.77611023322791,8.624650568326551,4,8161,1.9014829283287362,90.83091993945509,0
2024-12-12,75.82863130516787,36.916280163053024,10.230258516226144,7,9760,2.631998392105861,69.8628639824125,0
2024-12-13,65.32290738167029,36.81120771051677,9.367610038853034,4,13437,3.4132280841014606,82.58792618857402,0
2024-12-14,74.6966651379753,36.27329505369041,6.115614064363409,5,9498,3.7766984632569285,88.31477857278112,0
2024-12-15,68.58595843689302,36.994838659098086,6.6480978181533095,6,2196,2.0753914205667776,93.04965087656811,0
2024-12-16,64.85999380860078,37.32880958959884,6.826729952206875,4,9997,0.5171987750036706,83.80783849673273,1
2024-12-17,77.26130103588984,36.340062073503056,6.7005752296630305,5,11212,3.529453626082659,72.79364373754679,0
2024-12-18,76.9296633738334,36.497557571739584,7.743856499670113,6,4351,0.0,71.78192836857947,0
2024-12-19,58.07221434660205,36.51336131852061,4.533767151974217,2,6902,1.7841312863517274,70.10565031899252,0
2024-12-20,53.97924048039876,36.98964745293777,7.569423153915385,5,11556,4.2457303573957335,92.23128834992443,0
2024-12-21,56.33009476007922,36.78247305475419,6.146235497207063,2,9564,0.4607920107389809,76.23076031224898,0
2024-12-22,65.72982766148577,36.65791650046436,8.744380603775605,3,2484,2.4472998816872655,100.0,0
2024-12-23,66.09395204951001,36.58170276021307,6.362920650012133,4,9208,3.865596989468701,90.39107033057599,0
2024-12-24,78.20590850677657,36.79802570966676,8.364415816009688,4,5573,3.456694435875381,95.50535277229993,0
2024-12-25,88.69153741412848,36.36707876870816,5.49888261715061,3,9737,3.5009726059786193,76.47224457058563,0
2024-12-26,71.79874293557843,37.41121665608886,7.585807082712306,1,2893,0.711926087173143,76.06220474211231,0
2024-12-27,91.77540899025009,37.10246001732166,7.8108070558784,4,10511,5.035451494446351,82.77031356201002,0
2024-12-28,58.52909329205667,37.11573720493624,8.069015584011321,6,8949,2.231437323964008,68.08498367768561,0
2024-12-29,80.15555501662124,36.80700857914254,7.294494339576779,1,4681,2.9230146314452603,92.8143205312392,0
2024-12-30,78.58084558961242,37.45606456407994,5.634315244715111,9,2144,6.699668057241223,87.87686262611126,1
2024-12-31,62.980682280560686,36.982264773943,4.147083997599156,4,8448,0.3622017991619142,78.66792339545594,0
2025-01-01,77.7789360621036,36.66611371926864,3.986846343448015,5,10000,4.194123104149533,82.54604428789585,0
2025-01-02,78.58058152865635,36.99368835732955,5.724417150180385,7,9704,1.6258764455723302,73.95066819183862,0
2025-01-03,89.8882045587287,37.18739794833677,5.318617241152297,1,7048,3.8618541493024736,96.92105577713261,0
2025-01-04,63.205651325133964,36.37499088895464,5.79849871362588,6,8393,4.678311227897971,97.00320694365135,1
2025-01-05,67.18098968632304,36.22290329079072,7.98630435244887,8,8788,3.652652428693136,74.96547429583754,0
2025-01-06,72.84676303001476,36.81927400473266,9.129985305627084,5,6566,1.600158397181618,86.38833100651492,0
2025-01-07,72.61062341631579,36.86257678174987,8.686902099921035,3,13406,2.8031897821325242,74.11843319084117,0
2025-01-08,70.67249270383782,36.90800163242942,6.537602151512367,9,12478,5.555130969899677,93.31062819143172,1
2025-01-09,59.75750181159011,36.720921547538644,7.431683987742815,9,6120,8.149163490489915,80.97201193814529,0
2025-01-10,84.60045414523339,36.60943636722712,7.508845544820712,3,2125,1.1241189337834125,91.39690179057965,0
2025-01-11,68.04068090063154,36.31636512440037,7.4914833291992,1,11871,2.1588913149688476,85.1001849946493,0
2025-01-12,79.45874224927286,37.152147699099466,8.435930365619285,3,5639,2.050781854977056,87.81803572829412,0
2025-01-13,80.93115151435478,36.53590484386407,8.39470239483013,8,6516,5.455677560255574,65.0066295294374,0
2025-01-14,79.20111778398082,36.72346016781738,8.571382099262411,3,9179,0.4269062324570436,84.05265731178628,0
2025-01-15,69.21934506527153,36.54421165847498,6.066521950018997,2,3042,4.030385672335553,84.02991291507306,0
2025-01-16,73.61186918236207,37.46493707376914,6.018250303825192,1,2664,1.984593458947093,76.64160449454081,0
2025-01-17,85.81552371013025,36.79384240313301,7.736896823444796,5,4853,2.023616634321127,75.97938916706771,0
2025-01-18,62.79322831389128,36.27995814195354,7.41280845574003,1,11111,2.7784223679049607,88.69949801113262,0
2025-01-19,76.66857212956921,36.47078230035165,8.765419938964921,5,2446,4.730489825719003,84.78167577618852,0
2025-01-20,67.03352984947202,36.65490753167233,6.162903223723982,3,5543,0.018822836718046965,85.00769402755682,0
2025-01-21,98.7246082892684,37.21240765003849,6.643449491001666,2,3599,0.0,93.08311324522124,0
2025-01-22,71.46873364145331,36.80449421356513,6.532519212131451,2,13211,2.8365997129135083,88.75822730527355,0
2025-01-23,78.79696246415466,36.831327449205766,9.111204529250319,5,10200,0.0,92.78948263699765,0
2025-01-24,64.25271842575825,37.179179099479995,4.245057326814147,4,5152,0.8199465400124812,80.9887296572546,0
2025-01-25,84.70577788705688,36.82753989100586,6.92051273122287,7,6771,5.4207121973107535,100.0,0
2025-01-26,96.3110119732955,36.81401954911869,7.829503821138103,6,4340,4.6480201513039265,73.03950318315121,0
2025-01-27,58.20334235892918,37.1037750839322,6.614916504161415,7,5894,2.163768551433291,85.61017056141799,0
2025-01-28,79.6303107842234,37.16946209467497,5.467450346692186,1,10147,2.0601273195480383,73.92113742851821,0
2025-01-29,73.81266791295533,37.075115273896635,6.1632529025350635,3,14330,1.3229251078369015,84.25052351042709,0
2025-01-30,84.74157694135839,36.69438357554639,8.375056037305171,8,11033,3.3490850334411544,84.48433149754158,1
2025-01-31,75.78716375941534,36.82143451847167,4.970564841629873,8,11896,4.326742240311607,83.07503188929421,0
2025-02-01,66.54731946934002,36.76579635952636,5.057915646292385,1,7503,3.9072497962346304,92.50746731757995,0
2025-02-02,76.16193187214002,36.96000808655812,7.778140670421039,6,4791,3.1283275434245668,84.72038662185562,1
2025-02-03,78.20996783988267,36.970204601135094,4.804478373799914,5,14918,1.6422403452885344,100.0,0
2025-02-04,55.08502909794428,36.84059720934503,7.877355638485106,2,4096,5.9281743914480876,96.64404749147896,0
2025-02-05,74.31271351763444,36.8818320677686,10.15778094701336,8,5528,2.2259276207178584,93.40908083695201,1
2025-02-06,87.36877433944855,37.26420417935481,8.488984350755807,7,6658,2.2947680492488183,77.8138875657095,0
2025-02-07,77.83584280281264,37.11912878509024,4.613898524140802,2,4499,4.163491072783138,84.6870247013957,0
2025-02-08,63.027728424572565,36.536387400499144,2.5287982043152373,7,7510,2.0311760692215284,90.36792842022305,0
2025-02-09,65.29822826829765,37.38563148562173,7.3981635654043,8,5812,1.8264589097451343,68.82490223448772,1
2025-02-10,85.38492533486476,36.39691119341248,6.003184256064845,1,14270,1.4297084111166862,94.24496381701198,0
2025-02-11,81.89776033256018,36.14450510091071,8.34087760618894,2,8927,5.672012660287452,88.10501413816819,0
2025-02-12,106.55361695999838,36.73733171364239,6.380439027480995,7,4649,6.714122772084075,79.47643128013549,0
2025-02-13,69.98901755708836,36.504654445635296,7.747497850758309,4,9784,3.7160784104903906,89.7968604879642,0
2025-02-14,91.15221045650509,35.532058758412965,8.950062570396458,2,6455,3.4000874355609207,86.25616253644863,0
2025-02-15,87.84455297980371,37.10021488728623,6.314061694433864,8,7712,6.230414615090278,90.7341384550794,0
2025-02-16,72.58052248742585,36.244404703327994,5.518429920894754,1,9828,3.3605932861754253,76.66584549671921,0
2025-02-17,84.0930225641583,36.98783382578538,6.804447752127365,3,10688,1.44437262206743,98.38349838101924,0
2025-02-18,75.00559254496224,36.57212693160337,9.245645098627948,3,10373,2.8530130436331964,78.98412895803986,0
2025-02-19,71.197030371669,37.17632583525425,6.350890416731246,6,4945,4.4906905329851305,80.10829620810462,0
2025-02-20,66.69301551986118,36.55490545211153,6.7968662577334715,4,13581,0.8012388604052054,75.11340051454775,1
2025-02-21,79.25821148689651,36.084468179441075,8.692404850028964,5,12854,2.4091042566112786,84.3782626299991,0
2025-02-22,88.06405560947678,36.85253206266812,9.979107879273666,4,4555,2.7600578854865336,100.0,0
2025-02-23,69.67675650168724,36.48938290988265,4.268706916053111,9,13709,3.9502474616048984,97.29378719480512,1
2025-02-24,74.6370553084484,36.988843014490364,6.383204034010253,8,11366,6.052413070120352,84.6530940962787,0
2025-02-25,73.13560840467662,36.69623256754191,5.956948464071988,7,3365,5.434319999385528,83.34229265408362,0
2025-02-26,87.93714410069572,37.178920995840485,6.828190574876858,1,3113,4.184583781779955,81.60229972853575,0
2025-02-27,72.43095260415197,36.878034765691744,8.07135450015337,9,10711,5.465704988555796,91.72912400469313,1
2025-02-28,79.44470772054707,36.76555457594737,5.443119093735259,8,5339,4.386566084011508,84.00906554983627,0
2025-03-01,76.50332589872247,36.62796476995814,5.849177844970919,2,8558,0.8912571889642149,76.59200305822002,0
2025-03-02,58.36460984488126,37.29236967163566,5.813437311620255,1,11292,4.7311894893557405,82.6717429637239,0
2025-03-03,79.56287239495518,36.5499615756679,8.46392587535985,2,8971,2.328086096162147,100.0,0
2025-03-04,81.05682617545406,36.78072338012718,6.709805566796672,9,14250,2.591474859180122,78.25980356442534,1
2025-03-05,64.43695198231582,36.81640164451796,6.545917709853017,9,14887,3.212441123651143,86.85149461989062,0
2025-03-06,82.24632328135289,36.38740117698639,8.325861263318316,7,4691,0.309872474579695,80.8664437245815,1
2025-03-07,64.93588713156787,36.74697347458957,8.458335587862148,2,3540,1.146008945493894,84.22293404088535,0
2025-03-08,82.64931448930427,36.47178125604098,4.257220295118254,9,12774,4.612344228190029,89.34968252816262,1
2025-03-09,76.40051791490987,36.73933956121798,8.147716768978587,7,2665,4.982104415614321,76.66442798673589,0
2025-03-10,65.94630973445166,36.33467397252899,7.046947185479072,1,13290,1.219226756236132,80.89383399487977,0
2025-03-11,83.66887395667487,37.06198900634636,7.941843726146933,6,7724,6.544471353353401,86.44454309098968,0
2025-03-12,81.55827340463911,37.19402394372016,5.5352982545001534,7,5983,1.9790801032059215,84.87172614371441,0
2025-03-13,64.61284152774947,36.29214968825393,5.796028090515179,5,8026,1.6380336119148395,70.55422193661879,0
2025-03-14,67.66816547791727,36.69474574848229,8.83966103747169,9,3322,3.292678477766122,69.91458949667516,1
2025-03-15,83.38256609873409,37.20257704500258,8.529155204642047,4,11331,0.0,77.4741468643755,1
2025-03-16,73.96022023372309,35.9832604624532,7.459883337183282,6,9080,3.8352170577474523,59.32736099150735,0
2025-03-17,74.35881408786446,36.9807430771868,7.660597896021541,3,9954,2.4787173741475788,78.78087338865345,0
2025-03-18,78.4367424875451,36.09623147649965,8.413085662893584,4,7060,2.0074379381510314,80.34391447808554,0
2025-03-19,75.64661328465304,37.04084563021176,7.157009643901892,3,7024,4.042983719273758,77.33647882371002,0
2025-03-20,70.78068280501596,36.18594630694615,7.104328604720136,9,12659,3.5088970729483124,82.5376372501463,1
2025-03-21,57.39375820962908,36.14634672129411,5.127787433482559,8,11659,2.843458662105602,89.60747332895392,0
2025-03-22,74.84254731221108,36.96094618854407,5.152933648484266,1,14847,4.248516521386488,77.1185522196617,0
2025-03-23,50.0,36.70162576954325,6.382429052568485,1,2079,0.33259915099241955,94.01478215043588,0
2025-03-24,81.78659476206207,37.00902519775106,8.600519396101912,3,12816,0.5792574571468858,86.3314503116378,0
2025-03-25,87.55504621849546,37.411735681817746,7.8660755976801475,3,12367,4.192296479745693,83.8156297090137,0
2025-03-26,86.55109063418348,36.606846115299106,6.95714988856959,1,10235,6.218339967574133,82.84174514382441,0
2025-03-27,57.94152513148628,37.04293790401214,8.302998355581568,4,7340,2.503545167909256,96.20205419920636,0
2025-03-28,57.34620659571119,36.63158646991813,7.89343649291383,5,10207,1.5866079172251997,92.94886477926524,0
2025-03-29,71.58217540916246,36.931058293254786,8.013052286638514,3,2854,5.086613416245549,74.8997766013664,0
2025-03-30,89.15967147619483,36.172745058459896,5.529833781336295,5,6668,1.8632030418819934,72.59250524922072,0
2025-03-31,87.21679894839619,36.75432248979648,4.764856754982827,4,3417,0.9166891446239251,80.2444752100648,0
2025-04-01,71.8422582285626,36.954100108030204,8.494578194394451,6,5248,0.681730154817386,94.91944341364372,0
2025-04-02,61.00419867564534,36.56390200065327,5.967241642334551,2,9082,1.4352724368956427,93.88936697884158,0
2025-04-03,86.57721498008183,36.5682315628234,9.549851902467948,5,3767,3.575490938446438,94.28118197130792,0
2025-04-04,86.87276411891278,36.483081174361146,5.381639136423933,1,4163,3.822924709106716,77.60370615080663,0
2025-04-05,63.82973402475548,36.75150543971031,6.5985414585860696,2,2402,0.7688914049539779,68.58180577887005,0
2025-04-06,63.29940231911688,36.0190446103334,7.382046039522344,4,3634,5.933285798964151,93.34498320219382,0
2025-04-07,69.16521026959144,36.58913528706232,6.374203385308298,9,8711,2.957892317913683,77.14202937808122,0
2025-04-08,88.27005368909028,36.862691897621,9.323490535728617,2,13258,4.103567132212809,81.87104288654102,0
2025-04-09,86.04876320104306,36.391655162826794,5.9670556359416125,2,12660,5.876499016742274,70.73687084285491,0
2025-04-10,67.12070228463756,36.15519818990048,7.268618893063762,4,3983,2.132025252404701,68.09667051831813,0
2025-04-11,64.00655553961028,36.97990201321415,7.807617277886358,7,10666,3.109149607089038,86.89629179943447,0
2025-04-12,74.22633155414458,36.107506091985755,7.094651890642805,7,14672,5.045528958225383,81.38973024727402,0
2025-04-13,80.26477788374955,36.981557200195084,5.47711747408084,4,2667,1.6405287275786635,81.10171847691007,0
2025-04-14,71.10389130423856,37.002467911527674,9.036427583953584,4,14237,2.7429548239772146,88.71540694112987,0
2025-04-15,92.47892824416802,37.174032448774625,6.52932409498746,4,7696,3.1162833382432575,100.0,0
2025-04-16,69.73074931881546,37.16227337713954,6.572463191299264,9,11428,5.496797690190888,78.92165346863507,1
2025-04-17,68.28795107466436,36.75920743174144,7.423315868778085,8,14379,3.256075353801271,87.36444008357265,0
2025-04-18,71.33772793747805,36.40983115528172,7.941648740415553,9,3629,4.027630144018888,100.0,1
2025-04-19,66.87296352842496,36.56192120632657,8.705523028712433,7,10710,0.12372204933719022,84.49274746256846,0
2025-04-20,72.06824832133925,36.76450260673546,7.325265488157261,8,4679,1.9091658333503898,82.3216951974144,0
2025-04-21,85.85169915441041,36.898759124768894,7.532877460530875,3,7365,2.6712053745418984,90.3378871670367,0
2025-04-22,77.97472671619185,37.56463675953826,4.953478019267065,3,14485,5.13556462342158,81.78647992455375,0
2025-04-23,61.01519251761435,36.894543093798646,7.271622781106119,4,13617,2.630532638196416,91.12781212482938,0
2025-04-24,81.15675742858598,37.01745588590255,7.429878496094634,8,10487,2.764009097850001,77.900908345692,0
2025-04-25,88.37217804450572,37.05224941814808,4.610827473154609,6,3986,2.7221421967538983,55.71053645031012,0
2025-04-26,66.53139187822246,37.24450754320804,7.9171758764972715,2,14620,3.859595755667982,87.18473536969107,0
2025-04-27,60.89056007746626,36.95953971517222,7.483580664584099,2,9671,4.645985023498815,86.85488419300248,0
2025-04-28,66.9428775067132,36.714879107285135,5.0612991894387775,6,7225,0.14155359572942583,95.20508339936639,1
2025-04-29,87.58069043478565,37.42054309763897,8.390421514929505,7,3046,2.7020571961483917,90.77567055925579,0
2025-04-30,84.17649687161799,37.11663805742714,5.550885960191163,2,12132,4.040768784982231,79.95884765130037,0
2025-05-01,78.85118133569947,37.36144648820855,7.712221160484869,6,3152,2.6289426620611995,95.64471755494567,1
2025-05-02,81.70497357038631,37.19849143577348,6.7815133339215246,2,9751,0.1099514030673876,74.20040848167125,0
2025-05-03,81.81182924876073,36.31930621473172,10.474295591029136,2,13930,4.652255809863979,91.4696162869407,0
2025-05-04,70.43196701714187,37.1521720643941,6.889101011110531,3,5950,1.7728399867748785,93.22110474249065,0
2025-05-05,74.34565015053167,36.18317493880033,7.4540010346267,7,3802,2.870347088582933,75.35580655836463,0
2025-05-06,80.32851702441235,35.67653635525668,4.38189280122989,7,8864,1.57053393615931,89.4100221305315,0
2025-05-07,87.52484560231157,37.13951392656375,3.2664616660376278,9,11670,3.0607904655961113,74.5641227681392,1
2025-05-08,63.64804744380276,36.22993947350501,8.925202800274882,3,2832,0.0,81.24837102659181,0
2025-05-09,77.65071626146238,37.04851154651901,6.745856716735969,1,7586,1.7042747546422017,68.33122479715593,0
2025-05-10,75.52129738625761,36.37543079243965,6.767667169004049,5,4174,2.5194572048999775,74.24813799309908,0
2025-05-11,78.79085182143305,36.80927925530227,10.173767817204517,8,2536,4.731094040269635,100.0,0
2025-05-12,98.66782678405968,36.31971188794014,5.5955930557423414,4,14703,4.489217995989591,83.25576874663578,0
2025-05-13,85.21854914900807,37.08813006680875,7.3683655643128345,8,14631,5.744722750481642,74.67868033936453,0
2025-05-14,84.83230753395988,37.427383672546696,9.010386214834364,9,9523,3.1272288114059,80.18620965040252,0
2025-05-15,91.39638721020889,37.13435208787827,9.70021010026913,3,5247,3.1426675868306777,98.14279908722331,0
2025-05-16,89.96101568366637,37.32934528447808,6.498172464942959,9,7734,3.8246887842715585,77.99964813384284,1
2025-05-17,86.51391155922008,37.26010403095191,10.110751928503873,3,6496,1.3206313756947903,95.40572849470965,0
2025-05-18,77.03767561800599,36.8817564489374,5.449038367143583,2,2113,1.3042266973758105,92.55280336140883,0
2025-05-19,89.07990730806492,36.9433193182326,5.712222293869521,4,11435,2.649167355448092,94.04509912235604,0
2025-05-20,74.07916763494777,37.29753660412715,5.832760767472226,3,10968,5.407609560268513,97.74386450179242,0
2025-05-21,74.86192320371943,37.239147919653796,8.390995181018251,4,2714,6.386714805814057,97.00912631048836,0
2025-05-22,81.00340226575355,37.14952635795147,6.1219290031153655,1,4438,5.15703095483072,92.21075406693535,0
2025-05-23,61.96369303681381,35.72281301807717,8.670437762339834,5,2667,5.3318846897444265,78.86083719296693,0
2025-05-24,71.65937414703338,36.29541530710392,5.5867780032052545,5,2863,3.3274951952698473,75.8367504569345,0
2025-05-25,77.32112789193911,37.047128956233976,5.419198070653177,7,3030,2.5555228466226163,100.0,1
2025-05-26,89.94342391119439,37.318569669004305,4.266122563953809,4,3750,1.401106797095866,78.597179586413,0
2025-05-27,66.48068179164649,36.94051023170772,8.82911352987231,3,10904,7.227345328254842,78.37571462373745,0
2025-05-28,80.60694942173896,36.854772025582626,6.261724228807534,1,13519,0.7959313231398726,87.61190337419768,0
2025-05-29,69.42815388155837,36.81309875805431,6.989913069370757,2,3634,5.185006949467555,73.88917901321918,0
2025-05-30,76.68938470370037,37.06320453087085,10.191783561118234,1,7040,2.5030274731506097,86.35622528466618,0
2025-05-31,77.45449665577365,36.92115111422534,8.013654131759326,1,7292,0.05636905526006819,75.08507201665427,0
2025-06-01,85.67957846948661,36.40914823597109,4.776880667828715,6,6540,0.6448932003109618,100.0,1
2025-06-02,61.71272827536005,37.399446121570485,5.907323712789318,3,8052,5.340588266081535,90.78647290362059,0
2025-06-03,73.63511622954047,36.68161893770887,3.150325292070195,3,8792,3.2624788073028808,72.75336519922824,0
2025-06-04,64.79867221348655,36.31293244917333,7.599767799324209,6,6259,1.3185461118520623,93.81316874725277,0
2025-06-05,78.80795522229411,37.28373020557514,8.132827931272999,8,11473,4.978150445792426,78.19775749394219,0
2025-06-06,59.33145112105915,36.662369401941774,4.6003647264878005,1,10999,2.475360509487592,82.12220961578015,0
2025-06-07,70.3402547323589,37.00135476609943,5.04724585338206,5,5140,1.738207737253202,84.8948489313301,1
2025-06-08,86.36390588037756,36.30944100963848,6.868820730333682,7,2278,4.503561826323336,79.47054603171462,0
2025-06-09,65.99036310151504,37.52780643943454,7.084672860951678,7,6457,0.591803577859503,91.76646692070113,1
2025-06-10,80.69042688596754,36.98892198130506,5.463479441876176,6,5753,4.966202656694858,75.52436786911436,0
2025-06-11,65.30529432141418,36.32583708853742,4.058930121959074,2,12884,0.8651003199459844,86.28284387837472,0
2025-06-12,85.69822542757605,37.26397120619676,5.702635473428124,9,6888,3.6691899384312388,79.62036856152862,1
2025-06-13,95.40160920952592,36.59509967084274,8.811024186680177,2,14068,3.3371679264505874,71.47423555772767,0
2025-06-14,86.57764488696749,37.186069574061555,8.529510431649314,7,6830,1.1138591610885333,76.45133902254108,1
2025-06-15,71.19860595345891,36.56455814950017,7.776488690086079,6,12805,2.2979359368668404,64.43008182670195,0
2025-06-16,90.96636884505021,36.86944522615574,4.836000605830507,3,6469,3.7644030757298665,77.99209683190676,0
2025-06-17,89.51427329458656,36.64645957527393,11.906190057866974,4,12143,4.150942163193449,78.74794429350824,0
2025-06-18,76.96916525588391,36.87193256561383,8.9995956001801,3,6436,4.381161135704062,93.43822647852689,0
2025-06-19,80.88537728621723,36.281507019920774,6.713854965503991,9,5912,4.677585279451351,87.5182600283618,0
2025-06-20,81.9072555538674,36.643760702208745,5.106626120024921,6,7078,1.0092572723165367,69.52743147844677,1
2025-06-21,76.20580076223834,36.93977631955513,6.254744460618245,5,9636,5.004672347961429,97.52506938417554,0
2025-06-22,91.93506474061078,37.08878213921662,8.942800861264796,8,8395,4.605308498647086,86.63744839455659,0
2025-06-23,62.33095480837623,37.327525103601914,5.976509287652015,2,10372,0.49964012745045894,87.2062613505989,0
2025-06-24,76.20830815085743,37.81350717814695,7.110785150487369,9,10863,3.825627943094892,100.0,1
2025-06-25,80.18061941763096,36.827074533521554,7.69517269497015,2,10537,2.435574037295644,73.56403201964463,0
2025-06-26,71.7520946853074,36.17413178654348,7.83704921040746,9,3145,3.870377761343694,88.23614350052628,0
2025-06-27,75.55302478417839,37.03753361393535,4.15479561607344,8,11160,4.356231690718742,81.93562389391882,1
2025-06-28,78.47309168121656,36.89488228175891,7.766879582519779,4,5660,1.2247619435034753,74.79083857402289,0
2025-06-29,71.33719126082678,36.84747940556958,8.27371120419494,7,10866,3.2819454711599163,100.0,0
2025-06-30,65.63293719863212,36.71268768211988,5.974057048929541,6,2608,4.429500785577715,88.77598865753677,0
2025-07-01,68.02220713702992,36.936000194905176,8.158410847564236,2,9099,0.0,83.01240906050515,0
2025-07-02,63.934565852834886,36.28427117264125,3.61406223439183,3,9576,4.5101843265602595,96.40120150151881,0
2025-07-03,63.948439391095285,36.33397432868843,6.046769655951356,3,2560,0.696818916241845,90.0282237867635,1
2025-07-04,56.076794249975826,37.25554301938839,5.756406420863508,8,6008,0.2920216509060505,88.9882565516096,1
2025-07-05,69.6401968947884,36.23687198924996,7.207474253546316,4,6254,2.156630308866141,79.77411761923179,0
2025-07-06,80.7479963936395,36.88080824399417,7.040066287380565,2,12283,0.826319980496955,92.19429252593785,0
2025-07-07,85.80999985175771,37.23682202875081,6.015440434310779,9,3786,5.760564588012756,72.38629189633572,0
2025-07-08,63.74821807071393,36.7914357453763,7.949590202317917,4,9700,4.600009117442026,70.4733297785392,0
2025-07-09,53.77168684476072,36.16795320651918,10.18428681965966,9,3691,0.0,90.49964608642436,1
2025-07-10,61.761061290196494,36.60148064206334,7.69726707788212,8,2941,7.07205791883066,79.17592628375012,0
2025-07-11,66.64727861857388,35.94050310590875,5.147865604274518,2,14258,3.86364145130303,82.48772607611289,0
2025-07-12,108.41195099188678,37.12729357290988,6.667345682089115,8,4152,2.0270892014570774,95.17796348201574,1
2025-07-13,69.38565403448209,36.46463425396769,6.929982013101835,5,4173,2.5854177667899094,75.78463670817503,0
2025-07-14,85.31108394383246,36.471640390040285,6.978976541148844,8,8182,3.2111570564052716,82.99019486217523,0
2025-07-15,62.77930519867681,36.473269128227756,8.79374148325136,6,9145,0.674754458851476,94.09606902532366,0
2025-07-16,67.36947551541752,37.05161842192967,5.639106580676447,9,3718,3.487895460113063,86.21210341090207,1
2025-07-17,82.22109932700575,35.63578718281472,7.613645949537237,7,2072,0.0,82.97236489059533,1
2025-07-18,71.04501725871565,37.7720162550387,6.638931232498652,3,3107,1.929948557746225,77.87647579463379,0
2025-07-19,73.17108448721523,36.85606193628138,3.75915567473794,4,10205,4.603134749113216,87.27349660637277,0
2025-07-20,65.27182240789197,36.65254245424311,10.064009603394739,2,4415,1.0764044677807254,85.71689489525383,0
2025-07-21,82.95071556724089,36.66188984768847,5.078451976398672,1,14649,7.268462838663434,90.84404450356368,0
2025-07-22,50.0,36.43703206914365,7.336921763526164,6,12014,6.878735550980778,90.54445822232081,0
2025-07-23,67.22188183381616,36.135690929227565,7.2431646170494295,9,9810,0.8868702833809881,75.34907169409864,0
2025-07-24,74.7692833606326,36.959424544689476,5.569101946864221,4,4152,4.432170766935047,76.7728588364181,0
2025-07-25,98.05109393822984,37.198422501248764,9.425933315751383,5,7839,3.9284406012535387,89.6563127338335,0
2025-07-26,77.43335930314228,36.80426930245764,8.800576263776962,7,2930,0.0,87.66910863573476,0
2025-07-27,87.86129093383529,36.89665466103995,6.976153331817472,5,14069,5.614170935760118,76.59647366822787,0
2025-07-28,84.23571755467347,36.14305106534027,9.155389453385304,6,10919,4.310816160354297,75.99272154496894,0
2025-07-29,62.38942306046546,36.02223811039634,6.61795705039701,1,9721,0.4087302493023395,62.8302836859191,0
2025-07-30,67.82471257337951,36.66072807904995,8.360576505734304,9,11177,0.42987676797107177,100.0,1
2025-07-31,79.44717334626044,36.18447137465891,8.744438337135751,2,3974,1.9784235403414547,100.0,0
2025-08-01,82.31370014735667,37.33748156962167,6.681219480132213,7,9936,2.0344983415464855,78.54023871941708,1
2025-08-02,70.11781056228064,36.74855638166943,7.344988459302069,7,5084,5.488149864483278,87.35471860873449,0
2025-08-03,71.32892472937739,36.76808911463776,7.065229726065196,5,8104,2.079582469627996,87.47422418755602,1
2025-08-04,78.06288680571568,36.845380537599745,5.077973366458949,8,10188,1.259355073176089,76.86198311912156,1
2025-08-05,84.43435927066862,36.15679180676806,5.644484059936709,4,14241,2.448617891443035,76.57202003926218,0
2025-08-06,83.3461302684199,36.80193893229128,5.253879501075496,9,8471,6.013836197837704,87.70445495685975,0
2025-08-07,78.48516882578838,37.25700141337743,5.2772472312971885,4,7561,3.7741080731150114,93.33332408447681,0
2025-08-08,72.36987947922331,36.70452386168606,10.45329631897575,8,7788,0.0,72.21125555295424,1
2025-08-09,84.42583023403073,37.13458426844838,7.419286011503629,9,12417,2.358537660371296,72.77930510497598,1
2025-08-10,68.52849671649037,37.54374396899749,7.680073172523683,3,13886,7.741096045188563,81.53532103972704,0
2025-08-11,83.43753006357261,37.03784412232982,6.1747781727316715,4,12490,1.75556802140457,76.08558798621422,0
2025-08-12,82.89059046054652,36.71045082727418,8.078164296535233,7,8961,3.912794347122642,75.90490103517942,0
2025-08-13,79.46046749619006,37.06567214997587,6.179619439912475,3,10050,4.964205625295708,96.29729524244054,0
2025-08-14,59.23570225968639,36.678046443033686,6.776175356757807,8,3984,5.7515532184933935,92.16428374017244,0
2025-08-15,85.69208730988831,36.51226230353131,7.179188050412754,5,11808,0.2661652204374185,82.34251662547925,1
2025-08-16,81.89455949815775,37.27687417260104,6.970549327206486,8,14840,4.375931544704679,90.99964817322832,0
2025-08-17,85.503814349078,36.538235767324515,7.466268462007564,7,7246,4.221149766473598,84.80312718110504,0
2025-08-18,70.47356358031627,36.14628653445131,8.873731599325364,4,2507,1.1923221756825193,100.0,0
2025-08-19,82.71175845119375,37.33957638741245,7.707401419764437,9,13270,3.748911032142163,100.0,1
2025-08-20,89.30075135421266,36.81010659992684,6.5367220246920485,4,7200,2.7092651782739288,75.48944416746501,0
2025-08-21,67.87772309211937,35.62166937655827,5.865482289310014,3,3682,4.9343750046502866,97.41323773375292,0
2025-08-22,69.24433880253646,37.18593938807202,7.8736634172373465,9,13972,0.5865467376741358,100.0,1
2025-08-23,78.12746733691002,36.886623874544654,7.3928355586768815,8,4730,3.6779930197165807,77.59884877362518,1
2025-08-24,67.5032209832676,36.93247074394493,6.712633129341559,8,7175,1.7018888382048254,74.48971831633453,0
2025-08-25,70.6291490050212,37.03420768255227,4.963437968475541,3,3298,4.651735669122456,88.63760224231316,0
2025-08-26,73.41455123511506,37.33496818530878,9.895210501792826,7,7839,2.2301366181264246,87.8899001863534,0
2025-08-27,75.75938794124933,36.849581347227065,7.693468531824447,5,14046,0.0,91.67287422319426,0
2025-08-28,85.06794779835298,37.6923878362289,8.003216591020683,1,13655,3.5092450530455883,91.76303022380769,0
2025-08-29,93.65450719063242,36.42253071235884,7.57542451794406,9,11182,3.9346908527881097,71.96138902123087,1
2025-08-30,87.13107659976046,37.13037964512072,6.450169463364519,1,6854,1.6140715838257147,81.67050216006459,0
2025-08-31,82.4905959861519,37.09150336790283,8.093771648668335,3,11342,5.990557459327693,55.74581939342931,0
2025-09-01,76.6661208103634,37.13726475013022,7.035474627452465,9,10365,2.5630638828194394,97.65155568044472,1
2025-09-02,82.72613748073363,35.65398245717069,5.811992318375767,1,6954,4.778714720116024,80.54851515127781,0
2025-09-03,64.40591191055009,36.94224215102685,7.015984549422233,9,4180,5.596477473359586,87.48389588072519,0
2025-09-04,60.50418251046458,36.384415568960904,7.210924093757943,3,7195,4.514367679678774,74.2145367169479,0
2025-09-05,61.314867632773975,37.163946135407556,9.043194819395088,3,6293,4.006423214747906,87.30488881071877,0
2025-09-06,65.99849278640723,36.95186724307936,5.2517973466551,8,3394,4.5992688743116545,83.4115811921781,0
2025-09-07,62.731479594643275,37.874998417964534,6.521088449291907,8,10420,1.5261729403254203,70.32699702952745,0
2025-09-08,93.72903064423753,35.89151682789244,8.812548025469908,9,5655,3.8017832521063295,72.7474590333222,0
2025-09-09,92.26045423875402,36.91658720529578,5.487110498269288,8,14117,2.731696733070844,79.56960134734464,0
2025-09-10,74.2529933669181,36.84042431445884,6.586412603351498,7,4911,4.182589281709431,66.10147758414561,0
2025-09-11,83.36565755351052,36.73806046052055,4.137386326117189,5,12786,1.2043587172819974,71.71842975085015,0
2025-09-12,61.947619861132054,36.57280821985837,5.550942463311548,6,2105,6.358776990283503,85.85447556871384,0
2025-09-13,93.39041767268833,36.49049659523694,5.792687125043752,3,6521,4.97140011287819,74.08762514929265,0
2025-09-14,70.12675673645793,37.089291190224365,8.149907686723248,6,3090,0.97886507218595,85.01580959793274,0
2025-09-15,76.42897519132019,37.09648560705354,9.074758992178994,3,14986,1.7915707979156812,83.03750738701436,0
2025-09-16,73.6955679701239,36.73700560744984,8.474044499846537,9,3472,6.361534522917342,72.84044477666879,1
2025-09-17,91.57001093225904,36.87185047807146,4.1870360077565545,6,13687,3.108685233611985,94.66317155409826,1
2025-09-18,63.991013364929486,36.72907780584621,6.782612253385139,1,6359,1.2067320057516853,89.08880806174426,0
2025-09-19,77.14195355071266,36.98289189533655,8.5431296391039,9,4163,3.1812487394523603,97.92191374412636,0
2025-09-20,76.47789115631453,36.80141460394262,6.3355918572695336,2,3028,2.5350709719196374,69.08607743193876,0
2025-09-21,63.53865212451595,36.567767163276514,7.608056384500357,7,5816,2.1463406318774814,98.98887480349319,0
2025-09-22,85.57416604790299,37.53502380910842,5.930118985649434,5,7938,4.2794950171697455,72.85725630843999,0
2025-09-23,88.69371591900932,36.68505354046172,6.316697878107706,7,14276,4.93770536151808,92.89671360590924,0
2025-09-24,98.88285192890723,37.501515433233074,6.062853422463746,2,6665,0.47020583647495595,74.87927320452373,0
2025-09-25,73.16773742696797,37.08206944971772,6.313509409037075,8,2103,2.6559422980693075,76.581709374687,1
2025-09-26,89.26531600273603,36.78640876913764,8.069333992575455,4,7799,1.7733415404946593,72.06198205559261,0
2025-09-27,93.5750495798224,36.253505946989534,5.267639975710777,8,9145,1.9014925532348053,89.89739007854037,1
2025-09-28,68.66486330934424,36.700899420465205,7.734018902433527,8,8412,3.2478210300207273,84.96676167890121,0
2025-09-29,83.43321640816409,35.817088136231355,8.236754759609985,3,4587,0.7614795469559543,82.75615514447445,0
2025-09-30,93.44811535528123,37.1041632432472,8.433277644602716,4,13789,0.793802770419048,78.2300381541305,0
2025-10-01,79.22100139851962,36.82685350215163,6.793935262113521,7,14292,2.84969386704475,80.88266207584034,1
2025-10-02,80.96879592879148,35.97582196558347,8.692006611760897,6,9671,3.05104387824547,80.27366418493595,0
2025-10-03,88.41341623396606,36.07095331895703,8.20680793586888,5,14006,4.660251082387324,92.62749960470916,0
2025-10-04,76.01220196628823,35.483551713301125,6.862239201416001,3,9646,3.96940664663419,96.96743298015073,0
2025-10-05,72.30624414195465,36.8015520995864,7.442134896047047,5,8447,1.9128109873257313,82.89414845480657,0
2025-10-06,82.57488197796607,36.34407790955625,8.377546723465363,9,2431,4.436973374903976,80.28677866454342,0
2025-10-07,75.02323128371175,37.66352883142941,7.92521441477338,6,2195,0.805663489171438,81.4758735568101,0
2025-10-08,84.37754296457041,36.94308288285848,5.266248014352911,3,2205,2.99608300323636,76.33269343895958,0
2025-10-09,77.28880646358921,37.01797259394411,7.432832259746851,1,13084,5.9146963685737965,100.0,0
2025-10-10,52.222475266505406,36.4664447162512,6.413827015719403,3,4520,4.62635974155902,67.99555434725517,0
2025-10-11,69.81316683002066,37.33929698747986,6.939319593522832,9,2404,2.4777449125176836,100.0,0
2025-10-12,65.34506848731854,37.063820063739165,9.434418246089145,8,5611,1.9778129848303534,90.66941317228375,1
2025-10-13,76.8822918585463,36.778091519732406,6.834993128314965,7,3342,3.5427170532258803,70.96870657738837,0
2025-10-14,88.01240581005425,37.14813851889765,8.021141956650693,8,12447,1.1382133349473316,83.70009132138644,1
2025-10-15,73.09356281646845,36.77082053068189,6.373872935706192,3,14306,5.2545612863629785,73.31707391993675,0
2025-10-16,75.83410600056752,36.95442536498726,7.061195008523916,4,14917,4.387157872491137,95.15726364686775,0
2025-10-17,75.62510331635586,36.91154541664705,6.961215049655916,3,2893,3.894705954845713,79.33169169651649,0
2025-10-18,97.1457533395429,36.61552729266894,8.853313953318555,2,5152,2.2782252045213336,94.98664247097521,0
2025-10-19,80.01492002519912,36.11829485952822,8.105527477483411,9,6786,2.6610540362429993,81.69573569068295,0
2025-10-20,77.77375293339814,37.78283683529646,6.9699185361353635,6,9217,2.6881844068668044,91.83006128349979,0
2025-10-21,71.94989709449776,36.68233566451981,7.30282038244556,1,5064,4.293671074746502,68.66921922923414,0
2025-10-22,73.52368017774323,36.84431332382151,6.239079542785615,3,11959,2.1416130916380123,88.86091971201775,0
2025-10-23,76.83584014648127,36.839212690187544,4.088231714660547,5,9974,0.0,100.0,0
2025-10-24,86.12102371931573,37.112499200415634,6.600625661332547,3,3162,1.4760787396978585,81.6867693101467,0
2025-10-25,55.25895538512304,37.038874299157904,4.23089886487392,4,5994,1.6949635227748499,71.34894678652356,1
2025-10-26,68.15605800715107,37.413460073768086,5.687996004221578,9,3323,4.82792795941326,76.35646250801813,1
2025-10-27,86.22836251787913,36.61379706212994,6.817608976904787,7,5941,2.3354908556789944,96.35912729766922,0
2025-10-28,71.82105640070166,36.6221255055179,4.756961099632944,4,2703,1.0215697040942362,76.01826419408205,0
2025-10-29,78.93716266167384,37.16801644582745,9.039008751789686,4,4519,2.4322574997592024,87.94019597040592,0
2025-10-30,70.23846693902408,37.65013206874371,7.742578426693642,6,4459,0.0,84.77010413049501,1
